batch_run_id;date_scoring;client_id;rang_priorite;decile_risque;is_top_k;mrr;facteur_risque_1;facteur_risque_2;facteur_risque_3;score_brut_technique;model_version
a80880ad-bd1a-5b00-b183-cf3445ba7455;2026-08-31;C000176;1;1;True;470,3;[PRODUCT] Temps d'usage;[PRODUCT] Fréquence d'usage;[PRODUCT] Désactivation de fonctionnalités;0,9998475313186646;0.1.0-a08faab62df6
a80880ad-bd1a-5b00-b183-cf3445ba7455;2026-08-31;C000255;2;1;True;880,04;[PRODUCT] Temps d'usage;[PRODUCT] Fréquence d'usage;[PRODUCT] Désactivation de fonctionnalités;0,9997580647468567;0.1.0-a08faab62df6
a80880ad-bd1a-5b00-b183-cf3445ba7455;2026-08-31;C000172;3;1;True;143,89;[PRODUCT] Fréquence d'usage;[PRODUCT] Temps d'usage;[PRODUCT] Désactivation de fonctionnalités;0,999653697013855;0.1.0-a08faab62df6
a80880ad-bd1a-5b00-b183-cf3445ba7455;2026-08-31;C000045;4;1;True;97,15;[PRODUCT] Temps d'usage;[PRODUCT] Fréquence d'usage;[PRODUCT] Désactivation de fonctionnalités;0,9986258745193481;0.1.0-a08faab62df6
a80880ad-bd1a-5b00-b183-cf3445ba7455;2026-08-31;C000234;5;1;True;10,23;[PRODUCT] Fréquence d'usage;[PRODUCT] Temps d'usage;[PRODUCT] Désactivation de fonctionnalités;0,9984669089317322;0.1.0-a08faab62df6
a80880ad-bd1a-5b00-b183-cf3445ba7455;2026-08-31;C000289;6;1;True;230,14;[PRODUCT] Temps d'usage;[PRODUCT] Fréquence d'usage;[PRODUCT] Désactivation de fonctionnalités;0,9983553290367126;0.1.0-a08faab62df6
a80880ad-bd1a-5b00-b183-cf3445ba7455;2026-08-31;C000247;7;1;True;159,34;[PRODUCT] Temps d'usage;[PRODUCT] Fréquence d'usage;[PRODUCT] Évolution récente du temps d'usage;0,9963223934173584;0.1.0-a08faab62df6
a80880ad-bd1a-5b00-b183-cf3445ba7455;2026-08-31;C000089;8;1;True;289,01;[PRODUCT] Fréquence d'usage;[PRODUCT] Temps d'usage;[PRODUCT] Évolution récente du temps d'usage;0,9832095503807068;0.1.0-a08faab62df6
a80880ad-bd1a-5b00-b183-cf3445ba7455;2026-08-31;C000204;9;1;True;275,15;[FINANCE] Délais de paiement;[FINANCE] Écart entre montant facturé et montant payé;[PRODUCT] Évolution récente de la fréquence d'usage;0,9701966047286987;0.1.0-a08faab62df6
a80880ad-bd1a-5b00-b183-cf3445ba7455;2026-08-31;C000279;10;1;True;268,79;[FINANCE] Délais de paiement;[FINANCE] Écart entre montant facturé et montant payé;[PRODUCT] Fréquence d'usage;0,9691039323806763;0.1.0-a08faab62df6
a80880ad-bd1a-5b00-b183-cf3445ba7455;2026-08-31;C000099;11;1;True;129,12;[FINANCE] Délais de paiement;[FINANCE] Écart entre montant facturé et montant payé;[SUPPORT] Évolution récente des tickets support;0,9660775661468506;0.1.0-a08faab62df6
a80880ad-bd1a-5b00-b183-cf3445ba7455;2026-08-31;C000133;12;1;True;128,19;[FINANCE] Délais de paiement;[FINANCE] Écart entre montant facturé et montant payé;;0,9558413624763489;0.1.0-a08faab62df6
a80880ad-bd1a-5b00-b183-cf3445ba7455;2026-08-31;C000248;13;1;True;156,69;[FINANCE] Délais de paiement;[FINANCE] Écart entre montant facturé et montant payé;;0,9197574257850647;0.1.0-a08faab62df6
a80880ad-bd1a-5b00-b183-cf3445ba7455;2026-08-31;C000095;14;1;True;55,42;[PRODUCT] Fréquence d'usage;[PRODUCT] Temps d'usage;[PRODUCT] Évolution récente du temps d'usage;0,9155969023704529;0.1.0-a08faab62df6
a80880ad-bd1a-5b00-b183-cf3445ba7455;2026-08-31;C000106;15;1;True;123,12;[SUPPORT] Délais de résolution support;[SUPPORT] Évolution récente des tickets support;[SUPPORT] Tickets support ouverts;0,8416686058044434;0.1.0-a08faab62df6
a80880ad-bd1a-5b00-b183-cf3445ba7455;2026-08-31;C000173;16;1;True;139,27;[FINANCE] Délais de paiement;[FINANCE] Écart entre montant facturé et montant payé;;0,828228771686554;0.1.0-a08faab62df6
a80880ad-bd1a-5b00-b183-cf3445ba7455;2026-08-31;C000128;17;1;True;228,71;[FINANCE] Délais de paiement;[FINANCE] Écart entre montant facturé et montant payé;;0,7944046258926392;0.1.0-a08faab62df6
a80880ad-bd1a-5b00-b183-cf3445ba7455;2026-08-31;C000092;18;1;True;228,18;[FINANCE] Délais de paiement;[FINANCE] Écart entre montant facturé et montant payé;[PRODUCT] Fréquence d'usage;0,7621302008628845;0.1.0-a08faab62df6
a80880ad-bd1a-5b00-b183-cf3445ba7455;2026-08-31;C000295;19;1;True;147,96;[FINANCE] Délais de paiement;[FINANCE] Écart entre montant facturé et montant payé;;0,7242715358734131;0.1.0-a08faab62df6
a80880ad-bd1a-5b00-b183-cf3445ba7455;2026-08-31;C000182;20;1;True;133,99;[FINANCE] Délais de paiement;[FINANCE] Écart entre montant facturé et montant payé;[PRODUCT] Temps d'usage;0,4542352557182312;0.1.0-a08faab62df6
a80880ad-bd1a-5b00-b183-cf3445ba7455;2026-08-31;C000068;21;1;True;335,01;[FINANCE] Délais de paiement;[FINANCE] Écart entre montant facturé et montant payé;;0,2653651237487793;0.1.0-a08faab62df6
a80880ad-bd1a-5b00-b183-cf3445ba7455;2026-08-31;C000229;22;1;True;241,88;[PRODUCT] Évolution récente du temps d'usage;[PRODUCT] Temps d'usage;;0,06649598479270935;0.1.0-a08faab62df6
a80880ad-bd1a-5b00-b183-cf3445ba7455;2026-08-31;C000265;23;1;True;65,01;;;;0,025702599436044693;0.1.0-a08faab62df6
a80880ad-bd1a-5b00-b183-cf3445ba7455;2026-08-31;C000083;24;1;True;62,62;[PRODUCT] Évolution récente du temps d'usage;[FINANCE] Facturation;;0,02495706081390381;0.1.0-a08faab62df6
a80880ad-bd1a-5b00-b183-cf3445ba7455;2026-08-31;C000011;25;1;True;64,56;[COMMERCIAL] Évolution récente des contacts commerciaux;[PRODUCT] Évolution récente de la fréquence d'usage;;0,023526590317487717;0.1.0-a08faab62df6
a80880ad-bd1a-5b00-b183-cf3445ba7455;2026-08-31;C000163;26;2;True;68,21;;;;0,019281964749097824;0.1.0-a08faab62df6
a80880ad-bd1a-5b00-b183-cf3445ba7455;2026-08-31;C000189;27;2;True;38,72;[PRODUCT] Fréquence d'usage;[SUPPORT] Évolution récente des tickets support;;0,018649926409125328;0.1.0-a08faab62df6
a80880ad-bd1a-5b00-b183-cf3445ba7455;2026-08-31;C000298;28;2;True;24,67;[PRODUCT] Temps d'usage;[SUPPORT] Évolution récente des tickets support;[PRODUCT] Évolution récente de la fréquence d'usage;0,018276209011673927;0.1.0-a08faab62df6
a80880ad-bd1a-5b00-b183-cf3445ba7455;2026-08-31;C000193;29;2;True;13,23;[PRODUCT] Temps d'usage;;;0,01527385227382183;0.1.0-a08faab62df6
a80880ad-bd1a-5b00-b183-cf3445ba7455;2026-08-31;C000076;30;2;True;345,4;[SUPPORT] Délais de résolution support;[SUPPORT] Évolution récente des tickets support;[COMMERCIAL] Évolution récente des contacts commerciaux;0,014633088372647762;0.1.0-a08faab62df6
a80880ad-bd1a-5b00-b183-cf3445ba7455;2026-08-31;C000260;31;2;True;242,52;[PRODUCT] Évolution récente du temps d'usage;;;0,013686387799680233;0.1.0-a08faab62df6
a80880ad-bd1a-5b00-b183-cf3445ba7455;2026-08-31;C000168;32;2;True;55,13;[PRODUCT] Fréquence d'usage;;;0,010959488339722157;0.1.0-a08faab62df6
a80880ad-bd1a-5b00-b183-cf3445ba7455;2026-08-31;C000006;33;2;True;392,2;[COMMERCIAL] Évolution récente des contacts commerciaux;;;0,010070131160318851;0.1.0-a08faab62df6
a80880ad-bd1a-5b00-b183-cf3445ba7455;2026-08-31;C000063;34;2;True;141,56;[PRODUCT] Temps d'usage;[PRODUCT] Évolution récente du temps d'usage;;0,009128582663834095;0.1.0-a08faab62df6
a80880ad-bd1a-5b00-b183-cf3445ba7455;2026-08-31;C000079;35;2;True;0,0;[PRODUCT] Fréquence d'usage;[PRODUCT] Temps d'usage;;0,008414875715970993;0.1.0-a08faab62df6
a80880ad-bd1a-5b00-b183-cf3445ba7455;2026-08-31;C000097;36;2;True;73,37;[FINANCE] Facturation;[SUPPORT] Évolution récente des tickets support;;0,00628639804199338;0.1.0-a08faab62df6
a80880ad-bd1a-5b00-b183-cf3445ba7455;2026-08-31;C000159;37;2;True;146,26;[PRODUCT] Fréquence d'usage;;;0,006093950942158699;0.1.0-a08faab62df6
a80880ad-bd1a-5b00-b183-cf3445ba7455;2026-08-31;C000024;38;2;True;53,35;[COMMERCIAL] Évolution récente des contacts commerciaux;;;0,005618738941848278;0.1.0-a08faab62df6
a80880ad-bd1a-5b00-b183-cf3445ba7455;2026-08-31;C000296;39;2;True;120,78;[SUPPORT] Évolution récente des tickets support;[COMMERCIAL] Évolution récente des contacts commerciaux;;0,005288146901875734;0.1.0-a08faab62df6
a80880ad-bd1a-5b00-b183-cf3445ba7455;2026-08-31;C000072;40;2;True;88,17;[SUPPORT] Évolution récente des tickets support;;;0,004876956343650818;0.1.0-a08faab62df6
a80880ad-bd1a-5b00-b183-cf3445ba7455;2026-08-31;C000034;41;2;True;25,58;;;;0,004864736460149288;0.1.0-a08faab62df6
a80880ad-bd1a-5b00-b183-cf3445ba7455;2026-08-31;C000119;42;2;True;68,44;[PRODUCT] Évolution récente de la fréquence d'usage;;;0,004424259532243013;0.1.0-a08faab62df6
a80880ad-bd1a-5b00-b183-cf3445ba7455;2026-08-31;C000250;43;2;True;207,03;[COMMERCIAL] Évolution récente des contacts commerciaux;;;0,004412205424159765;0.1.0-a08faab62df6
a80880ad-bd1a-5b00-b183-cf3445ba7455;2026-08-31;C000000;44;2;True;44,23;[SUPPORT] Évolution récente des tickets support;;;0,0040345946326851845;0.1.0-a08faab62df6
a80880ad-bd1a-5b00-b183-cf3445ba7455;2026-08-31;C000263;45;2;True;96,85;[COMMERCIAL] Évolution récente des contacts commerciaux;;;0,0035817266907542944;0.1.0-a08faab62df6
a80880ad-bd1a-5b00-b183-cf3445ba7455;2026-08-31;C000091;46;2;True;66,99;[PRODUCT] Fréquence d'usage;;;0,0035056432243436575;0.1.0-a08faab62df6
a80880ad-bd1a-5b00-b183-cf3445ba7455;2026-08-31;C000023;47;2;True;150,98;;;;0,003439428983256221;0.1.0-a08faab62df6
a80880ad-bd1a-5b00-b183-cf3445ba7455;2026-08-31;C000207;48;2;True;79,4;;;;0,0028527702670544386;0.1.0-a08faab62df6
a80880ad-bd1a-5b00-b183-cf3445ba7455;2026-08-31;C000225;49;2;True;86,17;[PRODUCT] Évolution récente de la fréquence d'usage;[SUPPORT] Évolution récente des tickets support;;0,0027509951032698154;0.1.0-a08faab62df6
a80880ad-bd1a-5b00-b183-cf3445ba7455;2026-08-31;C000249;50;2;True;201,0;;;;0,00239847251214087;0.1.0-a08faab62df6
a80880ad-bd1a-5b00-b183-cf3445ba7455;2026-08-31;C000175;51;3;False;217,05;;;;0,00225652102380991;0.1.0-a08faab62df6
a80880ad-bd1a-5b00-b183-cf3445ba7455;2026-08-31;C000169;52;3;False;85,82;;;;0,0021593424025923014;0.1.0-a08faab62df6
a80880ad-bd1a-5b00-b183-cf3445ba7455;2026-08-31;C000226;53;3;False;46,91;[PRODUCT] Fréquence d'usage;;;0,001976550789549947;0.1.0-a08faab62df6
a80880ad-bd1a-5b00-b183-cf3445ba7455;2026-08-31;C000109;54;3;False;167,84;;;;0,00195018807426095;0.1.0-a08faab62df6
a80880ad-bd1a-5b00-b183-cf3445ba7455;2026-08-31;C000035;55;3;False;70,71;;;;0,0018561417236924171;0.1.0-a08faab62df6
a80880ad-bd1a-5b00-b183-cf3445ba7455;2026-08-31;C000156;56;3;False;13,57;[FINANCE] Facturation;[SUPPORT] Évolution récente des tickets support;;0,00183989352080971;0.1.0-a08faab62df6
a80880ad-bd1a-5b00-b183-cf3445ba7455;2026-08-31;C000278;57;3;False;214,83;[SUPPORT] Évolution récente des tickets support;;;0,0018120835302397609;0.1.0-a08faab62df6
a80880ad-bd1a-5b00-b183-cf3445ba7455;2026-08-31;C000239;58;3;False;76,07;;;;0,0017495478969067335;0.1.0-a08faab62df6
a80880ad-bd1a-5b00-b183-cf3445ba7455;2026-08-31;C000201;59;3;False;186,05;[SUPPORT] Tickets support ouverts;;;0,0017380490899085999;0.1.0-a08faab62df6
a80880ad-bd1a-5b00-b183-cf3445ba7455;2026-08-31;C000132;60;3;False;158,14;;;;0,0016090598655864596;0.1.0-a08faab62df6
a80880ad-bd1a-5b00-b183-cf3445ba7455;2026-08-31;C000042;61;3;False;24,67;[SUPPORT] Évolution récente des tickets support;[SUPPORT] Tickets support ouverts;;0,0015949635999277234;0.1.0-a08faab62df6
a80880ad-bd1a-5b00-b183-cf3445ba7455;2026-08-31;C000208;62;3;False;166,39;[SUPPORT] Évolution récente des tickets support;[PRODUCT] Évolution récente de la fréquence d'usage;;0,0015301250386983156;0.1.0-a08faab62df6
a80880ad-bd1a-5b00-b183-cf3445ba7455;2026-08-31;C000102;63;3;False;88,83;[PRODUCT] Temps d'usage;;;0,0014886686112731695;0.1.0-a08faab62df6
a80880ad-bd1a-5b00-b183-cf3445ba7455;2026-08-31;C000211;64;3;False;64,31;;;;0,0014600895810872316;0.1.0-a08faab62df6
a80880ad-bd1a-5b00-b183-cf3445ba7455;2026-08-31;C000294;65;3;False;416,84;[COMMERCIAL] Évolution récente des contacts commerciaux;;;0,0014042149996384978;0.1.0-a08faab62df6
a80880ad-bd1a-5b00-b183-cf3445ba7455;2026-08-31;C000043;66;3;False;73,37;;;;0,0014021584065631032;0.1.0-a08faab62df6
a80880ad-bd1a-5b00-b183-cf3445ba7455;2026-08-31;C000271;67;3;False;199,97;;;;0,0013838309096172452;0.1.0-a08faab62df6
a80880ad-bd1a-5b00-b183-cf3445ba7455;2026-08-31;C000224;68;3;False;57,02;[SUPPORT] Évolution récente des tickets support;;;0,0013403675984591246;0.1.0-a08faab62df6
a80880ad-bd1a-5b00-b183-cf3445ba7455;2026-08-31;C000078;69;3;False;178,66;[SUPPORT] Tickets support ouverts;[PRODUCT] Fréquence d'usage;;0,0013380513992160559;0.1.0-a08faab62df6
a80880ad-bd1a-5b00-b183-cf3445ba7455;2026-08-31;C000214;70;3;False;218,5;;;;0,0013049963163211942;0.1.0-a08faab62df6
a80880ad-bd1a-5b00-b183-cf3445ba7455;2026-08-31;C000032;71;3;False;0,0;;;;0,0012260852381587029;0.1.0-a08faab62df6
a80880ad-bd1a-5b00-b183-cf3445ba7455;2026-08-31;C000082;72;3;False;58,74;;;;0,0010924262460321188;0.1.0-a08faab62df6
a80880ad-bd1a-5b00-b183-cf3445ba7455;2026-08-31;C000137;73;3;False;232,41;[PRODUCT] Fréquence d'usage;[FINANCE] Facturation;;0,0010844876524060965;0.1.0-a08faab62df6
a80880ad-bd1a-5b00-b183-cf3445ba7455;2026-08-31;C000297;74;3;False;100,16;[PRODUCT] Évolution récente de la fréquence d'usage;;;0,0010124149266630411;0.1.0-a08faab62df6
a80880ad-bd1a-5b00-b183-cf3445ba7455;2026-08-31;C000139;75;3;False;69,56;;;;0,001008491963148117;0.1.0-a08faab62df6
a80880ad-bd1a-5b00-b183-cf3445ba7455;2026-08-31;C000077;76;3;False;291,75;[COMMERCIAL] Évolution récente des contacts commerciaux;[PRODUCT] Évolution récente de la fréquence d'usage;;0,0009878493146970868;0.1.0-a08faab62df6
a80880ad-bd1a-5b00-b183-cf3445ba7455;2026-08-31;C000028;77;4;False;241,47;[PRODUCT] Évolution récente du temps d'usage;[FINANCE] Facturation;;0,0009256124030798674;0.1.0-a08faab62df6
a80880ad-bd1a-5b00-b183-cf3445ba7455;2026-08-31;C000013;78;4;False;108,66;[SUPPORT] Évolution récente des tickets support;[SUPPORT] Tickets support ouverts;;0,0008851674501784146;0.1.0-a08faab62df6
a80880ad-bd1a-5b00-b183-cf3445ba7455;2026-08-31;C000116;79;4;False;0,0;;;;0,0008690340910106897;0.1.0-a08faab62df6
a80880ad-bd1a-5b00-b183-cf3445ba7455;2026-08-31;C000026;80;4;False;390,11;;;;0,0008686039363965392;0.1.0-a08faab62df6
a80880ad-bd1a-5b00-b183-cf3445ba7455;2026-08-31;C000093;81;4;False;145,15;;;;0,0008644384797662497;0.1.0-a08faab62df6
a80880ad-bd1a-5b00-b183-cf3445ba7455;2026-08-31;C000252;82;4;False;140,68;;;;0,0008554143132641912;0.1.0-a08faab62df6
a80880ad-bd1a-5b00-b183-cf3445ba7455;2026-08-31;C000199;83;4;False;52,69;;;;0,0008323114016093314;0.1.0-a08faab62df6
a80880ad-bd1a-5b00-b183-cf3445ba7455;2026-08-31;C000044;84;4;False;209,47;;;;0,0007746915798634291;0.1.0-a08faab62df6
a80880ad-bd1a-5b00-b183-cf3445ba7455;2026-08-31;C000274;85;4;False;106,87;;;;0,0007597407675348222;0.1.0-a08faab62df6
a80880ad-bd1a-5b00-b183-cf3445ba7455;2026-08-31;C000004;86;4;False;221,0;;;;0,0007457553292624652;0.1.0-a08faab62df6
a80880ad-bd1a-5b00-b183-cf3445ba7455;2026-08-31;C000285;87;4;False;0,0;[FINANCE] Facturation;;;0,0007354424451477826;0.1.0-a08faab62df6
a80880ad-bd1a-5b00-b183-cf3445ba7455;2026-08-31;C000275;88;4;False;53,96;;;;0,0007144350092858076;0.1.0-a08faab62df6
a80880ad-bd1a-5b00-b183-cf3445ba7455;2026-08-31;C000145;89;4;False;145,53;[PRODUCT] Temps d'usage;[PRODUCT] Évolution récente de la fréquence d'usage;;0,0007117673521861434;0.1.0-a08faab62df6
a80880ad-bd1a-5b00-b183-cf3445ba7455;2026-08-31;C000151;90;4;False;300,02;[SUPPORT] Évolution récente des tickets support;[COMMERCIAL] Évolution récente des contacts commerciaux;;0,0006973236449994147;0.1.0-a08faab62df6
a80880ad-bd1a-5b00-b183-cf3445ba7455;2026-08-31;C000050;91;4;False;121,46;;;;0,0006504314369522035;0.1.0-a08faab62df6
a80880ad-bd1a-5b00-b183-cf3445ba7455;2026-08-31;C000025;92;4;False;111,54;;;;0,000641671649646014;0.1.0-a08faab62df6
a80880ad-bd1a-5b00-b183-cf3445ba7455;2026-08-31;C000200;93;4;False;400,21;[COMMERCIAL] Évolution récente des contacts commerciaux;;;0,000614471675362438;0.1.0-a08faab62df6
a80880ad-bd1a-5b00-b183-cf3445ba7455;2026-08-31;C000087;94;4;False;53,68;;;;0,0006081397295929492;0.1.0-a08faab62df6
a80880ad-bd1a-5b00-b183-cf3445ba7455;2026-08-31;C000276;95;4;False;84,51;[PRODUCT] Temps d'usage;[SUPPORT] Évolution récente des tickets support;;0,0006072448450140655;0.1.0-a08faab62df6
a80880ad-bd1a-5b00-b183-cf3445ba7455;2026-08-31;C000283;96;4;False;96,45;[PRODUCT] Évolution récente de la fréquence d'usage;;;0,0006038518040440977;0.1.0-a08faab62df6
a80880ad-bd1a-5b00-b183-cf3445ba7455;2026-08-31;C000254;97;4;False;548,04;[COMMERCIAL] Évolution récente des contacts commerciaux;;;0,000590431212913245;0.1.0-a08faab62df6
a80880ad-bd1a-5b00-b183-cf3445ba7455;2026-08-31;C000001;98;4;False;154,75;;;;0,0005837094504386187;0.1.0-a08faab62df6
a80880ad-bd1a-5b00-b183-cf3445ba7455;2026-08-31;C000100;99;4;False;161,09;;;;0,0005836524651385844;0.1.0-a08faab62df6
a80880ad-bd1a-5b00-b183-cf3445ba7455;2026-08-31;C000273;100;4;False;56,26;[COMMERCIAL] Évolution récente des contacts commerciaux;;;0,0005712650599889457;0.1.0-a08faab62df6
a80880ad-bd1a-5b00-b183-cf3445ba7455;2026-08-31;C000280;101;4;False;45,6;[FINANCE] Facturation;;;0,000566264963708818;0.1.0-a08faab62df6
a80880ad-bd1a-5b00-b183-cf3445ba7455;2026-08-31;C000105;102;5;False;73,9;;;;0,0005565191968344152;0.1.0-a08faab62df6
a80880ad-bd1a-5b00-b183-cf3445ba7455;2026-08-31;C000114;103;5;False;83,98;;;;0,000553827325347811;0.1.0-a08faab62df6
a80880ad-bd1a-5b00-b183-cf3445ba7455;2026-08-31;C000127;104;5;False;38,42;[PRODUCT] Fréquence d'usage;;;0,0005532620125450194;0.1.0-a08faab62df6
a80880ad-bd1a-5b00-b183-cf3445ba7455;2026-08-31;C000196;105;5;False;48,81;[PRODUCT] Évolution récente du temps d'usage;;;0,0005439905216917396;0.1.0-a08faab62df6
a80880ad-bd1a-5b00-b183-cf3445ba7455;2026-08-31;C000238;106;5;False;99,0;;;;0,0005401438684202731;0.1.0-a08faab62df6
a80880ad-bd1a-5b00-b183-cf3445ba7455;2026-08-31;C000117;107;5;False;50,82;[COMMERCIAL] Évolution récente des contacts commerciaux;;;0,0005222661420702934;0.1.0-a08faab62df6
a80880ad-bd1a-5b00-b183-cf3445ba7455;2026-08-31;C000245;108;5;False;48,47;;;;0,0005092315259389579;0.1.0-a08faab62df6
a80880ad-bd1a-5b00-b183-cf3445ba7455;2026-08-31;C000074;109;5;False;278,72;[PRODUCT] Temps d'usage;;;0,0005062801647000015;0.1.0-a08faab62df6
a80880ad-bd1a-5b00-b183-cf3445ba7455;2026-08-31;C000217;110;5;False;151,39;;;;0,0004732767411042005;0.1.0-a08faab62df6
a80880ad-bd1a-5b00-b183-cf3445ba7455;2026-08-31;C000012;111;5;False;50,06;;;;0,0004643369757104665;0.1.0-a08faab62df6
a80880ad-bd1a-5b00-b183-cf3445ba7455;2026-08-31;C000107;112;5;False;241,61;[SUPPORT] Évolution récente des tickets support;;;0,00045966089237481356;0.1.0-a08faab62df6
a80880ad-bd1a-5b00-b183-cf3445ba7455;2026-08-31;C000017;113;5;False;0,0;;;;0,0004372418625280261;0.1.0-a08faab62df6
a80880ad-bd1a-5b00-b183-cf3445ba7455;2026-08-31;C000230;114;5;False;129,99;;;;0,0004355263081379235;0.1.0-a08faab62df6
a80880ad-bd1a-5b00-b183-cf3445ba7455;2026-08-31;C000061;115;5;False;0,0;;;;0,0004343840410001576;0.1.0-a08faab62df6
a80880ad-bd1a-5b00-b183-cf3445ba7455;2026-08-31;C000060;116;5;False;6,2;;;;0,00042948286863975227;0.1.0-a08faab62df6
a80880ad-bd1a-5b00-b183-cf3445ba7455;2026-08-31;C000031;117;5;False;170,4;[PRODUCT] Fréquence d'usage;;;0,000412965368013829;0.1.0-a08faab62df6
a80880ad-bd1a-5b00-b183-cf3445ba7455;2026-08-31;C000118;118;5;False;86,47;;;;0,00040019865264184773;0.1.0-a08faab62df6
a80880ad-bd1a-5b00-b183-cf3445ba7455;2026-08-31;C000124;119;5;False;94,1;[PRODUCT] Fréquence d'usage;;;0,00039434287464246154;0.1.0-a08faab62df6
a80880ad-bd1a-5b00-b183-cf3445ba7455;2026-08-31;C000104;120;5;False;93,32;[PRODUCT] Temps d'usage;;;0,0003916064160875976;0.1.0-a08faab62df6
a80880ad-bd1a-5b00-b183-cf3445ba7455;2026-08-31;C000184;121;5;False;48,13;[SUPPORT] Évolution récente des tickets support;[FINANCE] Facturation;;0,0003912148531526327;0.1.0-a08faab62df6
a80880ad-bd1a-5b00-b183-cf3445ba7455;2026-08-31;C000122;122;5;False;25,55;;;;0,00038878057966940105;0.1.0-a08faab62df6
a80880ad-bd1a-5b00-b183-cf3445ba7455;2026-08-31;C000268;123;5;False;270,89;;;;0,00038616042002104223;0.1.0-a08faab62df6
a80880ad-bd1a-5b00-b183-cf3445ba7455;2026-08-31;C000257;124;5;False;578,47;[COMMERCIAL] Évolution récente des contacts commerciaux;;;0,0003813253715634346;0.1.0-a08faab62df6
a80880ad-bd1a-5b00-b183-cf3445ba7455;2026-08-31;C000162;125;5;False;28,95;;;;0,00037471469840966165;0.1.0-a08faab62df6
a80880ad-bd1a-5b00-b183-cf3445ba7455;2026-08-31;C000210;126;5;False;302,07;;;;0,00036295250174589455;0.1.0-a08faab62df6
a80880ad-bd1a-5b00-b183-cf3445ba7455;2026-08-31;C000281;127;5;False;179,31;[FINANCE] Facturation;;;0,0003570230328477919;0.1.0-a08faab62df6
a80880ad-bd1a-5b00-b183-cf3445ba7455;2026-08-31;C000157;128;6;False;82,92;;;;0,0003507134970277548;0.1.0-a08faab62df6
a80880ad-bd1a-5b00-b183-cf3445ba7455;2026-08-31;C000241;129;6;False;195,48;;;;0,0003502928011585027;0.1.0-a08faab62df6
a80880ad-bd1a-5b00-b183-cf3445ba7455;2026-08-31;C000158;130;6;False;140,02;;;;0,00034247315488755703;0.1.0-a08faab62df6
a80880ad-bd1a-5b00-b183-cf3445ba7455;2026-08-31;C000014;131;6;False;70,98;;;;0,00033922417787835;0.1.0-a08faab62df6
a80880ad-bd1a-5b00-b183-cf3445ba7455;2026-08-31;C000242;132;6;False;360,62;[PRODUCT] Fréquence d'usage;;;0,0003340969851706177;0.1.0-a08faab62df6
a80880ad-bd1a-5b00-b183-cf3445ba7455;2026-08-31;C000206;133;6;False;144,35;;;;0,0003310238535050303;0.1.0-a08faab62df6
a80880ad-bd1a-5b00-b183-cf3445ba7455;2026-08-31;C000237;134;6;False;400,9;;;;0,0003244772960897535;0.1.0-a08faab62df6
a80880ad-bd1a-5b00-b183-cf3445ba7455;2026-08-31;C000270;135;6;False;0,0;[FINANCE] Facturation;;;0,00031955071608535945;0.1.0-a08faab62df6
a80880ad-bd1a-5b00-b183-cf3445ba7455;2026-08-31;C000209;136;6;False;133,63;[COMMERCIAL] Évolution récente des contacts commerciaux;;;0,0003141622873954475;0.1.0-a08faab62df6
a80880ad-bd1a-5b00-b183-cf3445ba7455;2026-08-31;C000141;137;6;False;128,04;[PRODUCT] Temps d'usage;;;0,0002925870940089226;0.1.0-a08faab62df6
a80880ad-bd1a-5b00-b183-cf3445ba7455;2026-08-31;C000287;138;6;False;160,08;[SUPPORT] Évolution récente des tickets support;;;0,0002919501275755465;0.1.0-a08faab62df6
a80880ad-bd1a-5b00-b183-cf3445ba7455;2026-08-31;C000125;139;6;False;0,0;[SUPPORT] Évolution récente des tickets support;;;0,0002809450088534504;0.1.0-a08faab62df6
a80880ad-bd1a-5b00-b183-cf3445ba7455;2026-08-31;C000069;140;6;False;89,76;;;;0,00028009479865431786;0.1.0-a08faab62df6
a80880ad-bd1a-5b00-b183-cf3445ba7455;2026-08-31;C000120;141;6;False;80,14;;;;0,000272021017735824;0.1.0-a08faab62df6
a80880ad-bd1a-5b00-b183-cf3445ba7455;2026-08-31;C000221;142;6;False;411,11;;;;0,0002689763205125928;0.1.0-a08faab62df6
a80880ad-bd1a-5b00-b183-cf3445ba7455;2026-08-31;C000166;143;6;False;178,61;[SUPPORT] Évolution récente des tickets support;;;0,00026697173598222435;0.1.0-a08faab62df6
a80880ad-bd1a-5b00-b183-cf3445ba7455;2026-08-31;C000219;144;6;False;0,0;;;;0,00026274609263055027;0.1.0-a08faab62df6
a80880ad-bd1a-5b00-b183-cf3445ba7455;2026-08-31;C000007;145;6;False;117,88;[COMMERCIAL] Évolution récente des contacts commerciaux;[PRODUCT] Fréquence d'usage;;0,0002621975727379322;0.1.0-a08faab62df6
a80880ad-bd1a-5b00-b183-cf3445ba7455;2026-08-31;C000160;146;6;False;342,58;;;;0,00025659168022684753;0.1.0-a08faab62df6
a80880ad-bd1a-5b00-b183-cf3445ba7455;2026-08-31;C000187;147;6;False;0,0;;;;0,0002565483737271279;0.1.0-a08faab62df6
a80880ad-bd1a-5b00-b183-cf3445ba7455;2026-08-31;C000282;148;6;False;28,87;;;;0,0002490546030458063;0.1.0-a08faab62df6
a80880ad-bd1a-5b00-b183-cf3445ba7455;2026-08-31;C000049;149;6;False;50,75;;;;0,00022127899865154177;0.1.0-a08faab62df6
a80880ad-bd1a-5b00-b183-cf3445ba7455;2026-08-31;C000178;150;6;False;112,88;;;;0,00022009496751707047;0.1.0-a08faab62df6
a80880ad-bd1a-5b00-b183-cf3445ba7455;2026-08-31;C000147;151;6;False;54,15;;;;0,00021953329269308597;0.1.0-a08faab62df6
a80880ad-bd1a-5b00-b183-cf3445ba7455;2026-08-31;C000227;152;6;False;324,89;;;;0,0002157730341423303;0.1.0-a08faab62df6
a80880ad-bd1a-5b00-b183-cf3445ba7455;2026-08-31;C000019;153;7;False;423,08;[COMMERCIAL] Évolution récente des contacts commerciaux;;;0,00021414343791548163;0.1.0-a08faab62df6
a80880ad-bd1a-5b00-b183-cf3445ba7455;2026-08-31;C000232;154;7;False;350,33;;;;0,00021375523647293448;0.1.0-a08faab62df6
a80880ad-bd1a-5b00-b183-cf3445ba7455;2026-08-31;C000218;155;7;False;0,0;;;;0,0002105714229401201;0.1.0-a08faab62df6
a80880ad-bd1a-5b00-b183-cf3445ba7455;2026-08-31;C000183;156;7;False;461,01;;;;0,00020712967670988292;0.1.0-a08faab62df6
a80880ad-bd1a-5b00-b183-cf3445ba7455;2026-08-31;C000134;157;7;False;380,37;;;;0,00020674057304859161;0.1.0-a08faab62df6
a80880ad-bd1a-5b00-b183-cf3445ba7455;2026-08-31;C000048;158;7;False;195,4;;;;0,00020454534387681633;0.1.0-a08faab62df6
a80880ad-bd1a-5b00-b183-cf3445ba7455;2026-08-31;C000022;159;7;False;185,63;[PRODUCT] Temps d'usage;;;0,000194895823369734;0.1.0-a08faab62df6
a80880ad-bd1a-5b00-b183-cf3445ba7455;2026-08-31;C000198;160;7;False;35,61;[PRODUCT] Fréquence d'usage;;;0,00019230468024034053;0.1.0-a08faab62df6
a80880ad-bd1a-5b00-b183-cf3445ba7455;2026-08-31;C000039;161;7;False;109,88;;;;0,0001805204665288329;0.1.0-a08faab62df6
a80880ad-bd1a-5b00-b183-cf3445ba7455;2026-08-31;C000036;162;7;False;105,69;;;;0,00017109597683884203;0.1.0-a08faab62df6
a80880ad-bd1a-5b00-b183-cf3445ba7455;2026-08-31;C000212;163;7;False;117,04;;;;0,0001642928837100044;0.1.0-a08faab62df6
a80880ad-bd1a-5b00-b183-cf3445ba7455;2026-08-31;C000103;164;7;False;42,26;;;;0,00016386389324907213;0.1.0-a08faab62df6
a80880ad-bd1a-5b00-b183-cf3445ba7455;2026-08-31;C000142;165;7;False;110,79;[FINANCE] Facturation;;;0,00016310845967382193;0.1.0-a08faab62df6
a80880ad-bd1a-5b00-b183-cf3445ba7455;2026-08-31;C000222;166;7;False;409,37;;;;0,00016014478751458228;0.1.0-a08faab62df6
a80880ad-bd1a-5b00-b183-cf3445ba7455;2026-08-31;C000253;167;7;False;130,14;;;;0,0001591619657119736;0.1.0-a08faab62df6
a80880ad-bd1a-5b00-b183-cf3445ba7455;2026-08-31;C000130;168;7;False;145,57;;;;0,00015895403339527547;0.1.0-a08faab62df6
a80880ad-bd1a-5b00-b183-cf3445ba7455;2026-08-31;C000067;169;7;False;310,67;[SUPPORT] Évolution récente des tickets support;;;0,00015446438919752836;0.1.0-a08faab62df6
a80880ad-bd1a-5b00-b183-cf3445ba7455;2026-08-31;C000251;170;7;False;146,4;[PRODUCT] Fréquence d'usage;[PRODUCT] Évolution récente de la fréquence d'usage;;0,00015327245637308806;0.1.0-a08faab62df6
a80880ad-bd1a-5b00-b183-cf3445ba7455;2026-08-31;C000258;171;7;False;42,95;[PRODUCT] Évolution récente de la fréquence d'usage;;;0,00015152546984609216;0.1.0-a08faab62df6
a80880ad-bd1a-5b00-b183-cf3445ba7455;2026-08-31;C000256;172;7;False;165,38;[PRODUCT] Évolution récente du temps d'usage;;;0,0001494393072789535;0.1.0-a08faab62df6
a80880ad-bd1a-5b00-b183-cf3445ba7455;2026-08-31;C000070;173;7;False;319,95;;;;0,0001487529370933771;0.1.0-a08faab62df6
a80880ad-bd1a-5b00-b183-cf3445ba7455;2026-08-31;C000056;174;7;False;307,11;;;;0,00014872981410007924;0.1.0-a08faab62df6
a80880ad-bd1a-5b00-b183-cf3445ba7455;2026-08-31;C000194;175;7;False;164,61;;;;0,00014449749141931534;0.1.0-a08faab62df6
a80880ad-bd1a-5b00-b183-cf3445ba7455;2026-08-31;C000015;176;7;False;43,93;;;;0,00014270347310230136;0.1.0-a08faab62df6
a80880ad-bd1a-5b00-b183-cf3445ba7455;2026-08-31;C000290;177;7;False;462,85;[SUPPORT] Évolution récente des tickets support;;;0,00014122579887043685;0.1.0-a08faab62df6
a80880ad-bd1a-5b00-b183-cf3445ba7455;2026-08-31;C000171;178;8;False;213,43;;;;0,00013734036474488676;0.1.0-a08faab62df6
a80880ad-bd1a-5b00-b183-cf3445ba7455;2026-08-31;C000090;179;8;False;50,12;;;;0,0001360067690256983;0.1.0-a08faab62df6
a80880ad-bd1a-5b00-b183-cf3445ba7455;2026-08-31;C000057;180;8;False;216,85;;;;0,00012929493095725775;0.1.0-a08faab62df6
a80880ad-bd1a-5b00-b183-cf3445ba7455;2026-08-31;C000140;181;8;False;291,32;[COMMERCIAL] Évolution récente des contacts commerciaux;;;0,00012881278234999627;0.1.0-a08faab62df6
a80880ad-bd1a-5b00-b183-cf3445ba7455;2026-08-31;C000081;182;8;False;74,6;[PRODUCT] Évolution récente de la fréquence d'usage;;;0,00012829316256102175;0.1.0-a08faab62df6
a80880ad-bd1a-5b00-b183-cf3445ba7455;2026-08-31;C000243;183;8;False;207,53;;;;0,00012664232053793967;0.1.0-a08faab62df6
a80880ad-bd1a-5b00-b183-cf3445ba7455;2026-08-31;C000203;184;8;False;119,65;;;;0,00012122683256166056;0.1.0-a08faab62df6
a80880ad-bd1a-5b00-b183-cf3445ba7455;2026-08-31;C000002;185;8;False;268,93;;;;0,00011793573503382504;0.1.0-a08faab62df6
a80880ad-bd1a-5b00-b183-cf3445ba7455;2026-08-31;C000186;186;8;False;307,3;;;;0,00011108535545645282;0.1.0-a08faab62df6
a80880ad-bd1a-5b00-b183-cf3445ba7455;2026-08-31;C000153;187;8;False;128,58;;;;0,00011068819731008261;0.1.0-a08faab62df6
a80880ad-bd1a-5b00-b183-cf3445ba7455;2026-08-31;C000177;188;8;False;321,27;[SUPPORT] Évolution récente des tickets support;;;0,0001102118258131668;0.1.0-a08faab62df6
a80880ad-bd1a-5b00-b183-cf3445ba7455;2026-08-31;C000047;189;8;False;0,0;[SUPPORT] Évolution récente des tickets support;;;0,0001091529629775323;0.1.0-a08faab62df6
a80880ad-bd1a-5b00-b183-cf3445ba7455;2026-08-31;C000080;190;8;False;208,25;;;;0,00010696545359678566;0.1.0-a08faab62df6
a80880ad-bd1a-5b00-b183-cf3445ba7455;2026-08-31;C000264;191;8;False;209,12;;;;0,00010555793414823711;0.1.0-a08faab62df6
a80880ad-bd1a-5b00-b183-cf3445ba7455;2026-08-31;C000086;192;8;False;105,5;;;;0,00010515747271711007;0.1.0-a08faab62df6
a80880ad-bd1a-5b00-b183-cf3445ba7455;2026-08-31;C000054;193;8;False;167,57;;;;0,00010486847895663232;0.1.0-a08faab62df6
a80880ad-bd1a-5b00-b183-cf3445ba7455;2026-08-31;C000033;194;8;False;295,17;[SUPPORT] Évolution récente des tickets support;;;0,00010481158824404702;0.1.0-a08faab62df6
a80880ad-bd1a-5b00-b183-cf3445ba7455;2026-08-31;C000131;195;8;False;100,82;;;;0,00010125084372702986;0.1.0-a08faab62df6
a80880ad-bd1a-5b00-b183-cf3445ba7455;2026-08-31;C000101;196;8;False;301,77;;;;9,547053196001798e-05;0.1.0-a08faab62df6
a80880ad-bd1a-5b00-b183-cf3445ba7455;2026-08-31;C000073;197;8;False;178,94;;;;9,492222307017073e-05;0.1.0-a08faab62df6
a80880ad-bd1a-5b00-b183-cf3445ba7455;2026-08-31;C000179;198;8;False;186,05;;;;9,477842104388401e-05;0.1.0-a08faab62df6
a80880ad-bd1a-5b00-b183-cf3445ba7455;2026-08-31;C000188;199;8;False;325,36;;;;9,130773833021522e-05;0.1.0-a08faab62df6
a80880ad-bd1a-5b00-b183-cf3445ba7455;2026-08-31;C000261;200;8;False;142,62;;;;9,100879105972126e-05;0.1.0-a08faab62df6
a80880ad-bd1a-5b00-b183-cf3445ba7455;2026-08-31;C000154;201;8;False;0,0;;;;8,939066901803017e-05;0.1.0-a08faab62df6
a80880ad-bd1a-5b00-b183-cf3445ba7455;2026-08-31;C000149;202;8;False;260,03;;;;8,837679342832416e-05;0.1.0-a08faab62df6
a80880ad-bd1a-5b00-b183-cf3445ba7455;2026-08-31;C000191;203;8;False;305,21;[SUPPORT] Évolution récente des tickets support;;;8,089802577160299e-05;0.1.0-a08faab62df6
a80880ad-bd1a-5b00-b183-cf3445ba7455;2026-08-31;C000185;204;9;False;30,64;;;;7,939762144815177e-05;0.1.0-a08faab62df6
a80880ad-bd1a-5b00-b183-cf3445ba7455;2026-08-31;C000029;205;9;False;424,45;;;;7,816937431925908e-05;0.1.0-a08faab62df6
a80880ad-bd1a-5b00-b183-cf3445ba7455;2026-08-31;C000288;206;9;False;252,14;;;;7,734278187854216e-05;0.1.0-a08faab62df6
a80880ad-bd1a-5b00-b183-cf3445ba7455;2026-08-31;C000272;207;9;False;353,85;;;;7,731018558843061e-05;0.1.0-a08faab62df6
a80880ad-bd1a-5b00-b183-cf3445ba7455;2026-08-31;C000235;208;9;False;257,21;;;;7,618976087542251e-05;0.1.0-a08faab62df6
a80880ad-bd1a-5b00-b183-cf3445ba7455;2026-08-31;C000190;209;9;False;124,97;[COMMERCIAL] Évolution récente des contacts commerciaux;;;7,581512909382582e-05;0.1.0-a08faab62df6
a80880ad-bd1a-5b00-b183-cf3445ba7455;2026-08-31;C000027;210;9;False;47,11;;;;7,327224011532962e-05;0.1.0-a08faab62df6
a80880ad-bd1a-5b00-b183-cf3445ba7455;2026-08-31;C000143;211;9;False;375,81;;;;7,063260272843763e-05;0.1.0-a08faab62df6
a80880ad-bd1a-5b00-b183-cf3445ba7455;2026-08-31;C000037;212;9;False;122,69;;;;6,65503612253815e-05;0.1.0-a08faab62df6
a80880ad-bd1a-5b00-b183-cf3445ba7455;2026-08-31;C000111;213;9;False;139,28;;;;6,427637708839029e-05;0.1.0-a08faab62df6
a80880ad-bd1a-5b00-b183-cf3445ba7455;2026-08-31;C000293;214;9;False;124,25;[COMMERCIAL] Évolution récente des contacts commerciaux;;;6,425958417821676e-05;0.1.0-a08faab62df6
a80880ad-bd1a-5b00-b183-cf3445ba7455;2026-08-31;C000121;215;9;False;97,95;[SUPPORT] Évolution récente des tickets support;;;6,387687608366832e-05;0.1.0-a08faab62df6
a80880ad-bd1a-5b00-b183-cf3445ba7455;2026-08-31;C000152;216;9;False;201,42;;;;6,269046571105719e-05;0.1.0-a08faab62df6
a80880ad-bd1a-5b00-b183-cf3445ba7455;2026-08-31;C000010;217;9;False;154,88;;;;5,8923815231537446e-05;0.1.0-a08faab62df6
a80880ad-bd1a-5b00-b183-cf3445ba7455;2026-08-31;C000084;218;9;False;135,52;[PRODUCT] Fréquence d'usage;;;5,682244955096394e-05;0.1.0-a08faab62df6
a80880ad-bd1a-5b00-b183-cf3445ba7455;2026-08-31;C000202;219;9;False;418,02;[SUPPORT] Évolution récente des tickets support;;;5,4364019888453186e-05;0.1.0-a08faab62df6
a80880ad-bd1a-5b00-b183-cf3445ba7455;2026-08-31;C000174;220;9;False;310,35;[COMMERCIAL] Évolution récente des contacts commerciaux;;;5,2809115004492924e-05;0.1.0-a08faab62df6
a80880ad-bd1a-5b00-b183-cf3445ba7455;2026-08-31;C000008;221;9;False;225,28;;;;5,1726445235544816e-05;0.1.0-a08faab62df6
a80880ad-bd1a-5b00-b183-cf3445ba7455;2026-08-31;C000236;222;9;False;348,95;;;;4,7370784159284085e-05;0.1.0-a08faab62df6
a80880ad-bd1a-5b00-b183-cf3445ba7455;2026-08-31;C000148;223;9;False;158,39;;;;4,673737566918135e-05;0.1.0-a08faab62df6
a80880ad-bd1a-5b00-b183-cf3445ba7455;2026-08-31;C000129;224;9;False;0,0;;;;4,526502743829042e-05;0.1.0-a08faab62df6
a80880ad-bd1a-5b00-b183-cf3445ba7455;2026-08-31;C000030;225;9;False;273,43;;;;4,153700137976557e-05;0.1.0-a08faab62df6
a80880ad-bd1a-5b00-b183-cf3445ba7455;2026-08-31;C000135;226;9;False;44,9;;;;4,107585482415743e-05;0.1.0-a08faab62df6
a80880ad-bd1a-5b00-b183-cf3445ba7455;2026-08-31;C000228;227;9;False;346,01;;;;4,065044049639255e-05;0.1.0-a08faab62df6
a80880ad-bd1a-5b00-b183-cf3445ba7455;2026-08-31;C000277;228;9;False;388,1;[FINANCE] Facturation;;;3,7223926483420655e-05;0.1.0-a08faab62df6
a80880ad-bd1a-5b00-b183-cf3445ba7455;2026-08-31;C000018;229;10;False;0,0;;;;3,720724635059014e-05;0.1.0-a08faab62df6
a80880ad-bd1a-5b00-b183-cf3445ba7455;2026-08-31;C000052;230;10;False;306,93;;;;3,6855235521215945e-05;0.1.0-a08faab62df6
a80880ad-bd1a-5b00-b183-cf3445ba7455;2026-08-31;C000038;231;10;False;100,59;;;;3,6768171412404627e-05;0.1.0-a08faab62df6
a80880ad-bd1a-5b00-b183-cf3445ba7455;2026-08-31;C000016;232;10;False;237,35;;;;3,662493691081181e-05;0.1.0-a08faab62df6
a80880ad-bd1a-5b00-b183-cf3445ba7455;2026-08-31;C000062;233;10;False;132,14;;;;3,5925204429076985e-05;0.1.0-a08faab62df6
a80880ad-bd1a-5b00-b183-cf3445ba7455;2026-08-31;C000223;234;10;False;265,8;[SUPPORT] Évolution récente des tickets support;;;3,2252872188109905e-05;0.1.0-a08faab62df6
a80880ad-bd1a-5b00-b183-cf3445ba7455;2026-08-31;C000299;235;10;False;338,26;;;;3,2211341022048146e-05;0.1.0-a08faab62df6
a80880ad-bd1a-5b00-b183-cf3445ba7455;2026-08-31;C000136;236;10;False;87,92;;;;2,990720167872496e-05;0.1.0-a08faab62df6
a80880ad-bd1a-5b00-b183-cf3445ba7455;2026-08-31;C000259;237;10;False;368,19;[SUPPORT] Évolution récente des tickets support;;;2,8862208637292497e-05;0.1.0-a08faab62df6
a80880ad-bd1a-5b00-b183-cf3445ba7455;2026-08-31;C000181;238;10;False;227,4;;;;2,567668525443878e-05;0.1.0-a08faab62df6
a80880ad-bd1a-5b00-b183-cf3445ba7455;2026-08-31;C000284;239;10;False;104,24;;;;2,5160310542560183e-05;0.1.0-a08faab62df6
a80880ad-bd1a-5b00-b183-cf3445ba7455;2026-08-31;C000213;240;10;False;467,94;;;;2,4399163521593437e-05;0.1.0-a08faab62df6
a80880ad-bd1a-5b00-b183-cf3445ba7455;2026-08-31;C000115;241;10;False;143,79;;;;2,3051485186442733e-05;0.1.0-a08faab62df6
a80880ad-bd1a-5b00-b183-cf3445ba7455;2026-08-31;C000164;242;10;False;157,14;;;;2,1195457520661876e-05;0.1.0-a08faab62df6
a80880ad-bd1a-5b00-b183-cf3445ba7455;2026-08-31;C000108;243;10;False;131,75;;;;1,717816667223815e-05;0.1.0-a08faab62df6
a80880ad-bd1a-5b00-b183-cf3445ba7455;2026-08-31;C000020;244;10;False;108,02;[FINANCE] Facturation;;;1,6438903912785463e-05;0.1.0-a08faab62df6
a80880ad-bd1a-5b00-b183-cf3445ba7455;2026-08-31;C000110;245;10;False;115,23;;;;1,6429454262834042e-05;0.1.0-a08faab62df6
a80880ad-bd1a-5b00-b183-cf3445ba7455;2026-08-31;C000197;246;10;False;168,42;;;;1,5198315850284416e-05;0.1.0-a08faab62df6
a80880ad-bd1a-5b00-b183-cf3445ba7455;2026-08-31;C000269;247;10;False;109,0;;;;1,5030394934001379e-05;0.1.0-a08faab62df6
a80880ad-bd1a-5b00-b183-cf3445ba7455;2026-08-31;C000113;248;10;False;89,81;;;;1,4394277059182059e-05;0.1.0-a08faab62df6
a80880ad-bd1a-5b00-b183-cf3445ba7455;2026-08-31;C000266;249;10;False;121,75;;;;1,2436329598131124e-05;0.1.0-a08faab62df6
a80880ad-bd1a-5b00-b183-cf3445ba7455;2026-08-31;C000071;250;10;False;351,11;[FINANCE] Facturation;;;1,1118543625343591e-05;0.1.0-a08faab62df6
a80880ad-bd1a-5b00-b183-cf3445ba7455;2026-08-31;C000180;251;10;False;100,81;;;;9,579114703228697e-06;0.1.0-a08faab62df6
a80880ad-bd1a-5b00-b183-cf3445ba7455;2026-08-31;C000046;252;10;False;416,63;;;;7,705458301643375e-06;0.1.0-a08faab62df6
a80880ad-bd1a-5b00-b183-cf3445ba7455;2026-08-31;C000112;253;10;False;136,2;;;;6,100769041950116e-06;0.1.0-a08faab62df6
a80880ad-bd1a-5b00-b183-cf3445ba7455;2026-08-31;C000066;254;10;False;97,62;;;;2,3539744233858073e-06;0.1.0-a08faab62df6
